City,Cloudiness,Country,Date,Humidity,Latitude,Longitude,Temperature,Wind Speed
Cape Town,90,ZA,1586658870,93,-33.93,18.42,64.99,27.51
Albany,1,US,1586658894,50,42.6,-73.97,39.99,6.93
Bluff,20,NZ,1586658894,51,-46.6,168.33,71.01,5.99
Verkhniy Baskunchak,0,RU,1586658894,73,48.23,46.72,38.26,16.71
Inírida,64,CO,1586658894,88,3.87,-67.92,75.88,1.66
Klaksvík,99,FO,1586658895,76,62.23,-6.59,37.4,26.4
Cherskiy,80,RU,1586658853,96,68.75,161.3,23.36,15.97
Constitución,75,CL,1586658888,81,-35.33,-72.42,52.57,10.02
Lavrentiya,97,RU,1586658895,96,65.58,-171.0,32.4,9.89
Barra de Tecoanapa,0,MX,1586658896,82,16.52,-98.75,77.86,4.29
Lashio,0,MM,1586658896,18,22.93,97.75,90.03,1.68
Odesa,0,UA,1586658651,39,46.48,30.73,44.6,4.47
Avarua,100,CK,1586658896,89,-21.21,-159.78,84.2,3.36
Upernavik,100,GL,1586658864,86,72.79,-56.15,20.37,2.3
Carnarvon,7,AU,1586658897,61,-24.87,113.63,82.4,19.46
Abu Samrah,0,SY,1586658897,75,35.3,37.18,49.39,5.53
Jamestown,1,US,1586658886,55,42.1,-79.24,37.0,3.36
Mossamedes,31,AO,1586658897,66,-15.2,12.15,75.83,5.12
Vaini,40,TO,1586658837,65,-21.2,-175.2,80.6,9.17
Chui,0,UY,1586658603,79,-33.7,-53.46,60.82,6.06
Barrow,90,US,1586658820,92,71.29,-156.79,26.6,18.34
Bayanday,100,RU,1586658648,64,53.07,105.51,38.57,6.26
Ojinaga,1,MX,1586658899,9,29.57,-104.42,80.6,9.17
Zhigansk,71,RU,1586658899,92,66.77,123.37,25.92,15.61
Taitung City,75,TW,1586658899,83,22.76,121.14,69.8,5.82
Vila,90,PT,1586658869,100,42.03,-8.16,53.01,2.24
Camocim,100,BR,1586658900,90,-2.9,-40.84,77.29,3.56
Smithers,5,CA,1586658900,26,54.78,-127.17,46.4,6.93
Arraial do Cabo,79,BR,1586658900,76,-22.97,-42.03,72.41,5.82
Bredasdorp,100,ZA,1586658900,68,-34.53,20.04,66.2,12.75
Coyhaique,75,CL,1586658674,61,-45.58,-72.07,46.4,3.36
Shingū,75,JP,1586658901,87,33.73,135.98,53.6,3.36
Butaritari,98,KI,1586658901,75,3.07,172.79,83.01,10.04
Puri,20,IN,1586658902,78,19.8,85.85,82.4,2.24
Kruisfontein,100,ZA,1586658902,54,-34.0,24.73,60.84,8.32
Hilo,1,US,1586658787,61,19.73,-155.09,82.4,5.82
Ushuaia,40,AR,1586658616,80,-54.8,-68.3,39.2,5.82
Chapecó,0,BR,1586658903,71,-27.1,-52.62,51.46,3.06
Codrington,95,AU,1586658904,59,-38.27,141.97,58.06,10.25
Nurota,90,UZ,1586658904,82,40.56,65.69,60.8,13.87
Alice Springs,66,AU,1586658647,12,-23.7,133.88,86.0,9.17
Doka,16,SD,1586658904,35,13.52,35.77,73.85,10.38
Warmbad,0,NA,1586658904,42,-28.45,18.73,60.71,7.56
Fortuna,90,US,1586658822,87,40.6,-124.16,55.0,11.41
Qaqortoq,100,GL,1586658905,36,60.72,-46.03,46.4,42.5
Nuuk,100,GL,1586658905,80,64.18,-51.72,35.6,12.75
Puerto Ayora,53,EC,1586658610,88,-0.74,-90.35,79.0,1.01
Mataura,18,NZ,1586658906,51,-46.19,168.86,71.01,5.99
Chicama,76,PE,1586658843,66,-7.84,-79.15,76.12,6.24
Punta Arenas,75,CL,1586658691,87,-53.15,-70.92,42.8,11.41
Río Gallegos,90,AR,1586658851,70,-51.62,-69.22,46.4,17.22
Dryden,75,CA,1586658907,68,49.78,-92.75,28.4,8.05
Nikolskoye,6,RU,1586658907,92,59.7,30.79,24.8,3.47
Mar del Plata,100,AR,1586658907,82,-38.0,-57.56,62.01,8.05
Kumul,42,CN,1586658907,14,42.8,93.45,64.92,7.49
Portland,20,US,1586658831,41,45.52,-122.68,60.01,8.05
Santa Rosa,75,PH,1586658908,62,14.31,121.11,89.6,8.05
Port Macquarie,0,AU,1586658909,37,-31.43,152.92,73.0,6.93
Fukuechō,75,JP,1586658909,82,32.69,128.84,55.4,14.99
Hofn,5,IS,1586658909,89,64.25,-15.21,30.72,20.24
Mount Gambier,90,AU,1586658894,62,-37.83,140.77,57.2,6.93
George Town,20,MY,1586658732,70,5.41,100.34,89.6,4.7
Mokameh,74,IN,1586658910,17,25.4,85.92,90.09,4.97
Mahébourg,40,MU,1586658910,78,-20.41,57.7,79.0,14.99
Batagay-Alyta,2,RU,1586658894,76,67.8,130.41,29.95,8.46
Bethel,1,US,1586658910,59,41.37,-73.41,48.0,4.7
Busselton,75,AU,1586658885,46,-33.65,115.33,78.01,9.98
Port Alfred,37,ZA,1586658829,72,-33.59,26.89,66.99,5.99
Decatur,75,US,1586658912,71,39.84,-88.95,54.0,9.17
Atuona,44,PF,1586658865,65,-9.8,-139.03,82.96,5.41
Yellowknife,20,CA,1586658617,44,62.46,-114.35,17.6,14.99
Ribeira Grande,0,PT,1586658841,74,38.52,-28.7,60.96,5.37
Lebu,0,CL,1586658913,74,-37.62,-73.65,51.85,13.51
Yar-Sale,44,RU,1586658914,91,66.83,70.83,12.34,4.05
Kaitangata,86,NZ,1586658914,65,-46.28,169.85,64.99,1.99
Tambo,3,PE,1586658914,25,-14.8,-73.92,34.09,1.52
Hong Kong,20,HK,1586658907,46,22.29,114.16,72.0,18.34
Hobart,75,AU,1586658915,58,-42.88,147.33,60.01,10.29
Natal,20,BR,1586658791,94,-5.79,-35.21,77.0,3.36
Batticaloa,17,LK,1586658915,70,7.71,81.69,84.94,4.99
Provideniya,100,RU,1586658631,93,64.38,-173.3,32.54,6.29
Micheweni,100,TZ,1586658916,80,-4.97,39.83,82.06,11.86
Huarmey,0,PE,1586658748,72,-10.07,-78.15,75.13,7.14
Kiryat Gat,75,IL,1586658916,82,31.61,34.76,55.4,3.36
Sassandra,84,CI,1586658917,89,4.95,-6.08,77.74,4.05
East London,100,ZA,1586658771,57,-33.02,27.91,76.1,8.7
Tiznit Province,96,MA,1586658917,71,29.58,-9.5,57.67,4.52
Ilulissat,86,GL,1586658917,68,69.22,-51.1,28.4,8.05
Severobaykal'sk,100,RU,1586658918,67,55.65,109.32,35.19,8.25
New Norfolk,75,AU,1586658852,58,-42.78,147.06,60.01,10.29
Tasiilaq,99,GL,1586658861,58,65.61,-37.64,26.6,11.41
Pedernales,13,DO,1586658918,67,18.04,-71.74,79.41,5.39
Sitka,20,US,1586658918,52,57.05,-135.33,46.4,4.7
Aklavik,5,CA,1586658780,53,68.22,-135.01,23.0,5.82
Longyearbyen,74,SJ,1586658919,86,78.22,15.64,-5.8,4.81
Thompson,90,CA,1586658919,72,55.74,-97.86,15.8,11.41
Sola,95,VU,1586658919,72,-13.88,167.55,81.48,11.88
Sinnamary,100,GF,1586658920,79,5.38,-52.95,78.96,13.06
Chokurdakh,100,RU,1586658904,97,70.63,147.92,29.89,12.95
Northam,37,GB,1586658916,90,51.03,-4.22,54.0,5.99
Rikitea,91,PF,1586658920,77,-23.12,-134.97,78.55,7.2
Inhambane,0,MZ,1586658921,91,-23.86,35.38,69.26,5.46
Yulara,60,AU,1586658921,12,-25.24,130.99,87.8,4.7
Flinders,0,AU,1586658921,34,-34.58,150.86,69.01,4.7
Ponta do Sol,20,PT,1586658921,67,32.67,-17.1,60.8,8.05
Forestville,1,US,1586658922,52,38.85,-76.88,52.0,2.39
Necochea,95,AR,1586658922,90,-38.55,-58.74,59.0,1.99
Baharly,66,TM,1586658922,51,38.44,57.43,57.51,5.97
Saint Paul Harbor,90,US,1586658906,86,57.79,-152.41,37.4,20.8
Porto Santo,75,PT,1586658924,72,33.07,-16.34,60.8,9.17
Teknāf,59,BD,1586658924,51,20.86,92.31,86.81,6.53
Port Lincoln,100,AU,1586658924,57,-34.73,135.87,59.67,7.63
Kasongo-Lunda,100,CD,1586658925,79,-6.47,16.82,71.1,0.83
Cumberland,1,US,1586658925,50,35.05,-78.87,55.99,6.93
Korem,100,ET,1586658925,50,12.51,39.52,54.81,1.95
Dudinka,40,RU,1586658925,80,69.41,86.18,30.2,38.03
Qaanaaq,100,GL,1586658926,72,77.48,-69.36,12.18,5.19
Bodden Town,0,KY,1586658926,77,19.28,-81.25,82.0,4.0
Port Elizabeth,60,ZA,1586658926,59,-33.92,25.57,64.4,3.36
Grand Gaube,40,MU,1586658926,78,-20.01,57.66,79.0,14.99
Ancud,0,CL,1586658905,100,-41.87,-73.82,39.2,5.82
Saint-Augustin,75,CA,1586658819,97,51.23,-58.65,27.97,6.42
Sambava,27,MG,1586658927,83,-14.27,50.17,74.66,8.28
Hermanus,100,ZA,1586658927,95,-34.42,19.23,62.01,10.0
Zolotukhino,0,RU,1586658927,85,52.08,36.38,31.28,11.68
Gulu,100,UG,1586658928,61,2.77,32.3,67.41,3.96
Jambi City,1,ID,1586658742,57,-1.6,103.62,90.14,1.88
Port-Cartier,20,CA,1586658929,91,50.03,-66.87,35.01,6.93
Kapaa,90,US,1586658829,78,22.08,-159.32,78.8,12.75
Ballina,6,AU,1586658632,46,-28.87,153.57,73.4,16.11
Sittwe,39,MM,1586658931,57,20.15,92.9,85.5,5.57
Tuktoyaktuk,20,CA,1586658931,78,69.45,-133.04,8.6,10.29
Mitsamiouli,100,KM,1586658931,73,-11.38,43.28,83.82,8.01
Moerai,69,PF,1586658932,74,-22.43,-151.33,82.49,1.54
Saint-Philippe,22,RE,1586658879,73,-21.36,55.77,73.99,3.36
Atambua,69,ID,1586658932,71,-9.11,124.89,79.93,5.14
Caravelas,3,BR,1586658708,86,-17.71,-39.25,78.01,5.01
Esperance,100,AU,1586658933,25,-33.87,121.9,89.6,20.8
Grindavik,51,IS,1586658933,80,63.84,-22.43,35.6,10.29
Calvinia,95,ZA,1586658933,64,-31.47,19.78,55.72,11.65
Cap Malheureux,40,MU,1586658709,78,-19.98,57.61,79.0,14.99
Coahuayana Viejo,55,MX,1586658637,78,18.73,-103.68,73.89,3.98
Talnakh,40,RU,1586658934,80,69.49,88.4,30.2,38.03
Airai,97,TL,1586658768,69,-8.93,125.41,66.65,0.94
Gachsaran,40,IR,1586658935,76,30.36,50.8,57.2,4.43
São João da Barra,100,BR,1586658935,87,-21.64,-41.05,71.51,12.17
Hambantota,16,LK,1586658935,74,6.12,81.12,83.28,9.6
Salym,22,RU,1586658936,84,60.06,71.48,40.1,4.29
Boa Vista,56,BR,1586658936,62,2.82,-60.67,84.2,8.05
Lagoa,0,PT,1586658829,78,39.05,-27.98,60.85,10.2
Kang,0,BW,1586658937,47,-23.68,22.79,64.96,6.67
Ossora,44,RU,1586658937,92,59.24,163.07,23.45,1.07
Thunder Bay,20,CA,1586658648,51,48.4,-89.32,36.0,8.05
North Bend,20,US,1586658647,81,43.41,-124.22,52.0,16.11
Padang,48,ID,1586658793,61,-0.95,100.35,87.93,1.23
Naze,75,JP,1586658938,88,28.37,129.48,69.8,16.11
Katsuura,75,JP,1586658828,76,35.13,140.3,57.99,9.17
Lata,75,PT,1586658938,93,40.16,-8.33,57.0,5.82
Hamilton,20,US,1586658939,43,39.18,-84.53,55.4,4.7
Havre-St-Pierre,1,CA,1586658886,92,50.23,-63.6,32.0,11.41
Saskylakh,0,RU,1586658939,91,71.92,114.08,4.95,7.52
Kavieng,95,PG,1586658668,69,-2.57,150.8,84.36,3.56
Haines Junction,0,CA,1586658940,72,60.75,-137.51,30.22,2.66
Bayan,0,CN,1586658940,32,46.08,127.4,57.51,5.59
Mt. Pleasant,20,US,1586658904,87,32.79,-79.86,60.8,10.11
Saint George,1,US,1586658744,29,37.1,-113.58,66.2,11.41
Dobson,1,US,1586658941,53,36.4,-80.72,55.4,1.45
De Aar,28,ZA,1586658941,34,-30.65,24.01,62.17,11.23
Aloleng,45,PH,1586658942,56,16.13,119.78,86.72,10.09
Mogadishu,1,SO,1586658942,74,2.04,45.34,83.23,9.64
Kaeo,79,NZ,1586658869,88,-35.1,173.78,68.0,7.0
San Patricio,75,MX,1586658945,74,19.22,-104.7,78.8,11.83
Lorengau,51,PG,1586658945,71,-2.02,147.27,84.81,2.98
Burnie,73,AU,1586658945,52,-41.07,145.92,64.0,13.0
Norman Wells,40,CA,1586658945,42,65.28,-126.83,28.4,3.2
Scarborough,59,GB,1586658842,93,54.28,-0.4,50.0,4.7
Avera,1,US,1586658946,66,33.19,-82.53,60.01,4.59
Pemangkat,95,ID,1586658946,68,1.17,108.97,83.93,6.76
Lüderitz,0,NA,1586658946,72,-26.65,15.16,60.8,5.82
Tamandaré,73,BR,1586658947,78,-8.76,-35.1,80.22,6.17
Mayumba,98,GA,1586658947,87,-3.43,10.66,77.72,11.21
Lázaro Cárdenas,31,MX,1586658948,83,17.96,-102.2,74.68,1.12
Faanui,8,PF,1586658948,73,-16.48,-151.75,82.62,13.2
Olafsvik,51,IS,1586658949,88,64.89,-23.71,33.84,23.22
Maiquetia,79,VE,1586658949,43,10.6,-66.95,72.0,12.75
Sinjai,26,ID,1586658949,69,-5.12,120.25,84.56,1.92
Bengkulu,45,ID,1586658950,62,-3.8,102.27,88.03,3.83
Marsh Harbour,70,BS,1586658950,83,26.54,-77.06,73.33,20.24
Oranjestad,20,AW,1586658687,83,12.52,-70.03,80.6,25.28
Lumeje,27,AO,1586658950,70,-11.55,20.78,61.81,4.61
Opuwo,10,NA,1586658950,60,-18.06,13.84,66.52,4.9
Lufilufi,75,WS,1586658951,70,-13.87,-171.6,89.6,8.05
Tiksi,94,RU,1586658951,90,71.69,128.87,6.48,19.98
Jūybār,75,IR,1586658951,93,36.64,52.91,46.4,4.7
Riyadh,40,SA,1586658733,26,24.69,46.72,71.6,9.17
Luwuk,4,ID,1586658952,58,-0.95,122.79,86.88,2.19
Laas,5,IT,1586658952,80,46.62,10.7,50.0,4.7
Kalmunai,21,LK,1586658682,70,7.42,81.82,85.14,6.08
Samarai,81,PG,1586658863,59,-10.62,150.67,83.52,7.87
Orichi,100,RU,1586658953,96,58.4,49.06,29.62,11.59
Lompoc,90,US,1586658953,76,34.64,-120.46,55.99,11.41
Port Hardy,20,CA,1586658954,34,50.7,-127.42,53.6,8.05
El Dorado,75,US,1586658954,93,33.21,-92.67,59.0,8.05
Pangnirtung,100,CA,1586658954,88,66.15,-65.71,25.32,8.16
Mahon,59,ES,1586658954,87,39.89,4.27,53.6,8.05
São Gabriel da Cachoeira,100,BR,1586658955,96,-0.13,-67.09,74.39,2.13
Sabang,55,ID,1586658955,71,5.89,95.32,85.19,9.42
Poum,87,NC,1586658955,72,-20.23,164.02,79.79,10.92
Cabo San Lucas,75,MX,1586658885,63,22.89,-109.91,69.01,10.29
Vao,13,NC,1586658956,75,-22.67,167.48,76.98,12.73
Ocho Rios,20,JM,1586658956,74,18.4,-77.1,84.2,3.36
Eucaliptus,0,BO,1586658956,13,-17.58,-67.52,45.54,1.07
Liliongan,20,PH,1586658957,40,7.36,124.79,93.18,3.33
Cidreira,23,BR,1586658957,71,-30.18,-50.21,64.42,3.24
Long Xuyen,26,VN,1586658957,55,10.38,105.42,87.67,6.69
Zhicheng,0,CN,1586658958,61,30.3,111.5,62.01,5.7
Brest,94,BY,1586658958,68,52.1,23.7,36.68,5.91
Tuatapere,32,NZ,1586658958,51,-46.13,167.68,71.01,5.99
Goderich,83,CA,1586658820,63,43.75,-81.72,44.01,13.82
Balabac,4,PH,1586658959,59,7.99,117.06,87.84,7.11
Voronovytsya,59,UA,1586658959,74,49.11,28.68,33.76,4.32
Hithadhoo,15,MV,1586658960,67,-0.6,73.08,84.51,7.9
Kenora,75,CA,1586658898,58,49.82,-94.43,30.2,10.29
Rocha,0,UY,1586658960,86,-34.48,-54.33,55.47,4.43
Castro,32,BR,1586658960,73,-24.79,-50.01,55.18,5.53
Sergeevka,100,KZ,1586658961,59,53.88,67.42,45.16,12.95
La Ronge,40,CA,1586658961,72,55.1,-105.28,17.6,12.75
Cockburn Town,0,TC,1586658908,79,21.46,-71.14,79.09,15.21
Mastic Beach,1,US,1586658840,48,40.77,-72.85,50.0,3.36
Aksu,91,CN,1586658962,15,41.12,80.26,65.16,4.41
Swindon,1,GB,1586658962,76,51.56,-1.78,52.0,4.7
Najrān,40,SA,1586658693,34,17.49,44.13,78.8,6.93
Chapais,90,CA,1586658761,68,49.78,-74.85,26.6,9.17
Guaratuba,90,BR,1586658963,84,-25.88,-48.57,62.01,3.36
Dhandhuka,24,IN,1586658963,25,22.37,71.98,91.2,12.8
Belmonte,75,BR,1586658963,88,-15.86,-38.88,77.0,2.24
Torbay,5,CA,1586658914,96,47.67,-52.73,34.0,18.34
Nouadhibou,0,MR,1586658963,77,20.93,-17.03,66.2,18.34
Cariamanga,97,EC,1586658836,59,-4.33,-79.55,54.68,0.83
Iberia,90,US,1586658964,68,29.95,-91.75,72.0,5.82
Islamkot,83,PK,1586658965,25,24.7,70.18,88.05,11.1
Orlik,99,RU,1586658965,51,52.52,99.83,31.62,1.66
Kavaratti,63,IN,1586658965,66,10.57,72.64,84.96,3.85
Vila Franca do Campo,20,PT,1586658965,82,37.72,-25.43,57.2,10.29
Broome,1,US,1586658966,55,42.25,-75.83,35.6,3.36
Vilyuysk,98,RU,1586658786,89,63.76,121.62,32.95,13.35
Fonte Boa,100,BR,1586658966,96,-2.5,-66.27,72.91,4.97
Hervey Bay,0,AU,1586658966,28,-25.3,152.85,84.2,5.82
Bonavista,45,CA,1586658967,85,48.65,-53.11,33.01,10.0
Amapá,100,BR,1586658967,94,1.0,-52.0,73.42,2.04
Rock Sound,69,BS,1586658967,86,24.9,-76.2,75.52,18.16
Arman',93,RU,1586658967,92,59.7,150.17,25.77,5.64
The Hague,19,NL,1586658758,93,52.08,4.3,52.0,2.24
Qinzhou,66,CN,1586658968,50,21.95,108.62,65.3,19.04
Junction City,1,US,1586658760,56,39.03,-96.83,72.0,12.75
Taltal,7,CL,1586658969,78,-25.4,-70.48,61.48,1.59
Hearst,61,CA,1586658969,93,49.68,-83.67,29.93,7.4
Kimbe,54,PG,1586658969,74,-5.55,150.14,85.78,4.76
Kudahuvadhoo,0,MV,1586658969,66,2.67,72.89,84.38,5.19
Nehe,0,CN,1586658969,29,48.48,124.83,62.47,8.43
Dwārka,0,IN,1586658970,76,22.24,68.97,79.9,12.57
Takoradze,51,GH,1586658786,84,4.88,-1.76,80.46,3.6
Djebeniana,0,TN,1586658764,82,35.03,10.91,57.2,4.7
Makakilo City,40,US,1586658841,78,21.35,-158.09,82.4,13.87
Jalu,0,LY,1586658971,47,29.03,21.55,57.31,6.26
Lock Haven,1,US,1586658971,45,41.14,-77.45,42.8,3.36
Brae,100,GB,1586658917,75,60.4,-1.35,46.4,29.97
Wamba,100,NG,1586658971,44,8.93,8.6,76.42,2.77
Koungheul,46,SN,1586658972,52,13.98,-14.8,74.14,8.28
Dikson,100,RU,1586658972,96,73.51,80.55,14.99,9.95
Berlevåg,100,NO,1586658972,79,70.86,29.09,21.2,14.99
Capitão Poço,100,BR,1586658973,95,-1.75,-47.06,75.36,3.6
Khatanga,100,RU,1586658973,97,71.97,102.5,17.96,11.74
Raja,100,SS,1586658973,49,8.46,25.68,74.32,2.57
Vardø,48,NO,1586658973,94,70.37,31.11,26.17,10.33
Bubaque,1,GW,1586658952,77,11.28,-15.83,77.97,10.51
Khani,90,GE,1586658974,93,41.96,42.96,44.6,4.7
Nishihara,90,JP,1586658974,82,26.18,127.76,68.0,17.22
Maniitsoq,100,GL,1586658881,82,65.42,-52.9,39.02,16.53
Bambous Virieux,40,MU,1586658975,78,-20.34,57.76,79.0,14.99
Ushtobe,18,KZ,1586658976,36,45.25,77.98,58.35,4.81
San Quintín,20,MX,1586658976,81,30.48,-115.95,59.65,15.14
Guerrero Negro,7,MX,1586658977,71,27.98,-114.06,61.11,19.04
San Cristobal,65,VE,1586658866,61,7.77,-72.22,68.31,2.24
Nelson Bay,17,AU,1586658978,37,-32.72,152.15,72.0,8.05
Maumere,10,ID,1586658978,65,-8.62,122.21,84.25,4.25
Buala,81,SB,1586658978,71,-8.14,159.59,84.72,4.92
Dingle,23,PH,1586658978,56,11.0,122.67,87.64,6.91
Yatou,16,CN,1586658979,52,37.15,122.38,51.24,15.05
Marquette,40,US,1586658979,48,46.53,-87.63,42.8,8.05
Angoche,48,MZ,1586658979,82,-16.23,39.91,72.1,5.28
Nipawin,90,CA,1586658980,53,53.37,-104.0,21.2,9.17
Crestview,1,US,1586658980,71,30.76,-86.57,68.0,5.5
Nanortalik,100,GL,1586658980,76,60.14,-45.24,36.9,38.36
Porterville,1,US,1586658743,68,36.07,-119.02,68.0,8.05
La Primavera,83,CO,1586658981,74,5.49,-70.41,81.41,1.88
Leningradskiy,85,RU,1586658981,91,69.38,178.42,18.28,4.36
Bellevue,1,US,1586658981,35,47.61,-122.2,55.99,9.17
Seymchan,91,RU,1586658981,94,62.88,152.43,27.45,4.88
Kushmurun,86,KZ,1586658982,75,52.45,64.63,42.12,6.71
Darhan,100,MN,1586658716,24,49.49,105.92,56.86,11.36
Ōdachō-ōda,75,JP,1586658982,81,35.18,132.5,46.4,18.34
Seydi,100,TM,1586658983,66,39.48,62.91,64.31,7.16
Kirensk,5,RU,1586658983,62,57.79,108.11,40.66,4.25
Port Keats,93,AU,1586658966,59,-14.25,129.55,88.86,6.4
Bathsheba,40,BB,1586658983,69,13.22,-59.52,80.6,14.99
Honningsvåg,100,NO,1586658984,79,70.98,25.97,21.2,14.99
Surab,97,PK,1586658984,22,28.49,66.26,67.24,6.96
Marawi,23,PH,1586658909,40,8.0,124.29,84.78,4.5
Praia da Vitória,40,PT,1586658899,82,38.73,-27.07,60.8,11.41
Desaguadero,0,PE,1586658986,16,-16.57,-69.04,44.82,8.46
City of San Pedro,75,PH,1586658986,62,14.35,121.02,89.6,8.05
Arlit,23,NE,1586658987,14,18.74,7.39,80.37,8.68
Luena,19,AO,1586658987,67,-11.78,19.92,59.34,3.74
Garissa,87,KE,1586658987,74,-0.45,39.64,78.57,12.39
Atbasar,100,KZ,1586658700,64,51.8,68.33,41.77,13.13
Ostrovnoy,0,RU,1586658967,93,68.05,39.51,14.67,10.6
Malumfashi,100,NG,1586658988,16,11.79,7.62,74.48,7.85
Finschhafen,92,PG,1586658988,72,-6.6,147.87,84.33,7.18
Urengoy,100,RU,1586658988,95,65.97,78.37,23.72,8.25
Budaun,0,IN,1586658989,21,28.05,79.12,88.12,8.43
Wakkanai,20,JP,1586658989,48,45.41,141.67,42.8,14.99
Dhidhdhoo,28,MV,1586658989,65,6.88,73.1,86.09,8.57
Rāzampeta,0,IN,1586658845,34,14.18,79.17,88.81,3.94
Geraldton,90,AU,1586658990,69,-28.77,114.6,80.6,10.29
Amahai,34,ID,1586658754,69,-3.33,128.92,84.52,0.83
Zyryanka,22,RU,1586658990,97,65.75,150.85,30.45,15.26
Wenling,1,CN,1586658991,60,28.37,121.36,63.0,3.0
Prince Rupert,1,CA,1586658991,31,54.32,-130.32,50.0,10.29
Narsaq,100,GL,1586658991,36,60.92,-46.05,46.4,42.5
Bandarbeyla,48,SO,1586658944,74,9.49,50.81,80.92,3.94
Alamosa,90,US,1586658992,16,37.47,-105.87,55.4,11.41
Krasne,87,UA,1586658992,44,49.91,24.61,39.2,6.71
Fort Nelson,20,CA,1586658992,25,58.81,-122.7,37.4,4.7
Stornoway,94,GB,1586658993,86,58.21,-6.39,42.01,5.82
Colonial Heights,1,US,1586658993,53,37.27,-77.41,52.0,5.64
Bud,75,US,1586658993,37,39.45,-86.18,57.2,8.05
Clyde River,20,CA,1586658993,91,70.47,-68.59,-0.4,9.17
Rome,1,US,1586658724,68,43.21,-75.46,34.0,4.38
Kandrian,48,PG,1586658994,79,-6.22,149.55,84.61,8.12
Saint Lawrence,0,MT,1586658994,93,36.06,14.2,55.0,8.05
Castleisland,75,IE,1586658994,93,52.23,-9.47,48.2,4.7
Bilma,97,NE,1586658876,17,18.69,12.92,75.38,6.24
Dubno,99,UA,1586658995,71,50.42,25.73,36.01,5.21
Roald,100,NO,1586658995,81,62.58,6.13,46.99,19.46
São Filipe,35,CV,1586658871,75,14.9,-24.5,74.5,9.84
Rundu,100,NA,1586658996,93,-17.93,19.77,64.4,1.12
Mayya,20,RU,1586658996,51,61.73,130.28,39.2,8.95
Garça,0,BR,1586658996,88,-22.21,-49.66,68.0,10.29
Kidal,59,ML,1586658996,20,18.44,1.41,83.95,5.37
Erzin,2,TR,1586658997,87,36.96,36.2,57.2,4.7
Sulangan,13,PH,1586658997,69,11.14,123.72,82.94,6.55
Westport,1,US,1586658997,36,41.14,-73.36,51.8,8.05
Verkhoyansk,74,RU,1586658998,86,67.54,133.38,34.14,4.68
Ulaanbaatar,75,MN,1586658998,12,47.91,106.88,51.8,20.13
Samfya,63,ZM,1586658998,68,-11.36,29.56,60.8,4.76
Narrabri,0,AU,1586658998,34,-30.32,149.78,68.0,6.93
Tautira,100,PF,1586658999,66,-17.73,-149.15,87.8,9.17
Dutlwe,10,BW,1586658999,49,-23.98,23.9,64.81,5.57
Helong,0,CN,1586658999,41,42.54,129.0,46.74,6.62
Lugovoy,100,KZ,1586659000,46,42.95,72.76,58.08,7.92
Cobija,17,BO,1586659000,73,-11.03,-68.77,74.21,0.67
Sechura,100,PE,1586659000,72,-5.56,-80.82,75.13,12.28
Okhotsk,53,RU,1586659000,94,59.38,143.3,30.88,7.67
Cuamba,69,MZ,1586659000,81,-14.8,36.54,62.37,1.5
Polyarny,49,RU,1586659001,85,69.2,33.45,15.8,8.84
Makkah al Mukarramah,39,SA,1586659001,41,21.43,39.83,66.38,6.71
Itigi,100,TZ,1586659001,64,-5.7,34.48,62.73,6.6
Dalbandin,100,PK,1586659002,19,28.89,64.41,80.13,3.87
Sheksna,0,RU,1586659002,92,59.21,38.51,26.6,3.96
Alyangula,75,AU,1586659003,62,-13.85,136.42,89.6,4.7
Sibolga,82,ID,1586658912,57,1.74,98.78,89.02,0.76
Qui Nhon,97,VN,1586658939,63,13.77,109.23,85.57,2.68
Coquimbo,76,CL,1586658835,87,-29.95,-71.34,59.0,4.7
Pell City,20,US,1586659004,76,33.59,-86.29,59.0,4.68
Southbridge,1,US,1586659004,44,42.08,-72.03,42.01,10.29
Muisne,100,EC,1586659005,86,0.6,-80.03,77.0,1.5
Morón,25,AR,1586659005,93,-34.65,-58.62,66.0,3.36
Khandyga,100,RU,1586658934,93,62.67,135.6,33.35,6.26
Asău,14,RO,1586659005,69,46.43,26.4,37.99,3.36
Severo-Kuril'sk,70,RU,1586658846,95,50.68,156.12,31.15,7.27
Mount Isa,1,AU,1586659006,10,-20.73,139.5,86.0,10.29
Apatou,100,GF,1586659006,92,5.16,-54.35,72.09,1.97
Baruun-Urt,0,MN,1586659006,19,46.68,113.28,56.62,10.96
Winslow,1,US,1586659006,43,35.02,-110.7,51.8,21.92
Ghanzi,53,BW,1586659007,48,-21.57,21.78,65.77,4.14
Baghdad,0,IQ,1586658742,58,33.34,44.4,57.2,5.82
Enna,5,IT,1586659007,100,37.56,14.29,53.01,6.93
Salinópolis,100,BR,1586659007,82,-0.61,-47.36,81.48,8.08
Walvis Bay,1,NA,1586659008,64,-22.96,14.51,69.8,3.36
Comodoro Rivadavia,3,AR,1586658879,57,-45.87,-67.5,51.8,1.12
Tura,1,IN,1586659008,24,25.52,90.22,88.61,3.8
Khor,3,RU,1586659008,36,47.89,134.95,54.68,6.93
Ahipara,79,NZ,1586658906,73,-35.17,173.17,68.9,20.09
Nelson,100,NZ,1586659009,73,-41.28,173.28,64.99,4.0
Aitape,99,PG,1586659009,75,-3.14,142.35,84.65,5.28
Conakry,6,GN,1586659009,83,9.54,-13.68,80.08,5.82
Srednekolymsk,33,RU,1586659009,97,67.45,153.68,30.49,10.67
Sierra Vista,90,US,1586659010,65,31.55,-110.3,48.2,12.75
Winder,1,US,1586659010,54,33.99,-83.72,57.2,4.23
Tezu,37,IN,1586659010,18,27.92,96.17,89.89,3.04
Muros,90,ES,1586659011,93,42.78,-9.06,55.0,5.97
Ono,75,JP,1586659011,81,34.85,134.93,51.01,17.22
Bowen,0,AU,1586659011,41,-20.02,148.23,91.4,6.93
Novocheboksarsk,90,RU,1586659011,94,56.11,47.48,32.0,20.13
Redmond,1,US,1586658910,35,47.67,-122.12,55.99,9.17
Kirakira,94,SB,1586659012,72,-10.45,161.92,84.15,6.33
Rio Grande,0,BR,1586658738,95,-32.03,-52.1,54.0,7.58
Svobodnyy,0,RU,1586659012,40,51.4,128.13,54.37,8.75
Quatre Cocos,40,MU,1586658903,78,-20.21,57.76,79.0,14.99
Cavite City,75,PH,1586659013,62,14.48,120.92,89.6,8.05
Kharp,76,RU,1586659013,91,66.8,65.81,15.28,1.79
Pevek,6,RU,1586659013,92,69.7,170.31,11.39,13.89
Deputatsky,73,RU,1586659014,91,69.3,139.9,24.53,16.11
Oulainen,95,FI,1586659014,72,64.27,24.8,28.0,4.0
Yangi Marg`ilon,66,UZ,1586659014,66,40.43,71.72,53.6,4.7
Helena,90,US,1586659015,68,46.59,-112.04,24.8,17.22
Port Hedland,20,AU,1586659015,46,-20.32,118.57,91.4,11.41
Klyuchi,23,RU,1586659015,56,52.27,79.17,44.29,8.1
Leh,43,IN,1586659016,16,34.17,77.58,35.37,2.75
Innisfail,99,AU,1586659016,62,-17.53,146.03,82.76,5.88
Kaunas,20,LT,1586658944,64,54.9,23.9,33.8,4.7
Margate,17,GB,1586659016,100,51.38,1.39,55.99,4.7
Bumba,56,CD,1586659016,87,2.18,22.47,70.7,3.62
Nouakchott,0,MR,1586659017,46,18.09,-15.98,74.89,13.35
Ambilobe,0,MG,1586659017,82,-13.2,49.05,71.83,4.74
Inta,99,RU,1586659017,94,66.03,60.17,17.8,5.12
Dubbo,0,AU,1586659018,48,-32.25,148.62,62.6,5.82
Shache,52,CN,1586659018,14,38.42,77.24,67.3,5.26
Tolga,20,DZ,1586659018,77,34.72,5.38,59.0,4.7
Tessalit,0,ML,1586659018,14,20.2,1.01,77.38,4.32
San Javier,47,ES,1586659019,82,37.81,-0.84,60.8,13.87
Shenkursk,0,RU,1586659019,95,62.11,42.9,24.51,3.69
Tilichiki,0,RU,1586659019,90,60.47,166.1,17.67,4.72
Karlshus,93,NO,1586659019,93,59.35,10.87,42.01,11.41
Tazovsky,86,RU,1586659020,96,67.47,78.7,14.11,7.85
Tiarei,100,PF,1586658788,66,-17.53,-149.33,87.8,9.17
Acapulco de Juárez,40,MX,1586658952,83,16.86,-99.89,78.8,6.93
Segovia,94,ES,1586659021,87,41.17,-4.0,53.01,6.46
Praia,23,CV,1586659011,78,14.92,-23.51,73.4,9.17
Salalah,40,OM,1586659021,78,17.02,54.09,80.6,10.29
Nome,90,US,1586659021,92,64.5,-165.41,30.2,10.29
Nicolás Bravo,10,MX,1586659022,94,18.45,-88.92,72.41,2.91
Borba,100,BR,1586658957,97,-4.39,-59.59,73.35,1.88
Alekseyevsk,4,RU,1586659022,62,57.84,108.35,40.73,4.03
Khartoum,89,SD,1586658787,16,15.55,32.53,75.34,18.48
Bonthe,11,SL,1586659022,83,7.53,-12.51,80.33,3.56
Tūkrah,28,LY,1586659023,72,32.53,20.58,55.87,6.42
Pisco,90,PE,1586659023,78,-13.7,-76.22,73.99,4.7
Bredy,64,RU,1586658784,69,52.42,60.34,40.21,4.72
La Santisima Trinidad,39,BO,1586658749,66,-14.83,-64.9,70.54,0.94
Port Augusta,35,AU,1586659024,55,-32.5,137.77,64.0,9.17
Kasangulu,75,CD,1586659024,88,-4.59,15.17,75.2,1.59
Jalingo,57,NG,1586658985,50,8.88,11.37,78.42,1.14
Egvekinot,17,RU,1586658906,87,66.32,-179.17,19.51,0.4
Jardim,0,BR,1586659025,53,-21.48,-56.14,64.15,2.51
Atasū,100,KZ,1586659025,49,48.68,71.64,47.71,12.55
Coshocton,1,US,1586659025,52,40.27,-81.86,50.0,4.7
Pangkalanbuun,56,ID,1586659025,57,-2.68,111.62,90.63,2.13
Mingshui,0,CN,1586659025,35,36.72,117.5,64.0,1.01
Caucayá,26,CO,1586659026,91,-0.19,-74.78,73.4,1.45
Baykit,72,RU,1586659026,82,61.67,96.37,34.92,5.46
Meulaboh,56,ID,1586659026,72,4.14,96.13,84.94,1.88
Rāwatsār,52,IN,1586659026,27,29.28,74.38,86.14,4.0
College,75,US,1586659027,30,64.86,-147.8,44.6,1.45
Monroe,20,US,1586658982,55,43.15,-77.68,42.01,9.8
Nadym,100,RU,1586659027,94,65.53,72.52,20.05,6.58
Amos,75,CA,1586659027,47,48.57,-78.12,35.6,5.82
Vondrozo,100,MG,1586659027,88,-22.82,47.28,61.59,1.43
Galle,11,LK,1586659028,74,6.04,80.22,82.81,3.15
Goundam,45,ML,1586659028,23,16.41,-3.67,86.61,6.78
Ballitoville,0,ZA,1586659029,93,-29.54,31.21,72.0,2.24
Mozarlândia,11,BR,1586659029,76,-14.74,-50.57,73.62,0.94
Uruçuí,96,BR,1586659029,79,-7.23,-44.56,77.7,1.05
Dillon,1,US,1586659030,71,34.42,-79.37,57.99,3.36
Laguna,1,US,1586659030,72,38.42,-121.42,66.2,9.17
Okha,100,RU,1586659030,95,53.57,142.95,32.09,12.37
Sawang Daen Din,76,TH,1586659030,59,17.48,103.46,90.0,11.03
Erenhot,0,CN,1586659031,22,43.65,111.98,53.15,8.68
Kaniama,92,CD,1586659031,75,-7.57,24.18,66.49,3.8
Araouane,0,ML,1586659031,14,18.9,-3.53,80.01,1.86
Christchurch,94,NZ,1586659031,37,-43.53,172.63,71.6,16.11
Mirpur Sakro,3,PK,1586659032,60,24.55,67.63,73.4,11.56
Richards Bay,1,ZA,1586659032,86,-28.78,32.04,69.67,12.35
Minna,100,NG,1586659032,48,9.61,6.56,79.29,2.82
Beringovskiy,98,RU,1586659032,94,63.05,179.32,14.68,10.31
Dunmore Town,97,BS,1586659033,84,25.5,-76.65,75.2,18.32
‘Āhuimanu,75,US,1586658923,74,21.44,-157.84,82.4,16.11
Kologriv,100,RU,1586659033,91,58.83,44.32,27.45,8.97
Sandpoint,40,US,1586658994,41,48.28,-116.55,42.8,8.05
Shimoda,75,JP,1586658977,81,34.67,138.95,53.6,17.22
Camacha,75,PT,1586659034,72,33.08,-16.33,60.8,9.17
Maragogi,63,BR,1586659034,80,-9.01,-35.22,78.94,4.9
Souillac,40,MU,1586658900,78,-20.52,57.52,79.0,14.99
Yarim,2,YE,1586659036,47,14.3,44.38,55.29,2.15
Mpophomeni,0,ZA,1586659036,66,-29.57,30.19,72.0,4.97
Belaya Gora,100,RU,1586659036,98,68.53,146.42,30.79,6.91
São José do Belmonte,90,BR,1586659036,77,-7.86,-38.76,71.35,0.78
Aykhal,40,RU,1586659036,63,66.0,111.5,28.4,8.95
Cayenne,86,GF,1586659037,78,4.93,-52.33,78.8,8.41
Yonago,75,JP,1586659037,81,35.43,133.33,46.4,17.22
Cao Bang,100,VN,1586659037,65,22.67,106.25,62.83,4.16
Raniganj,0,IN,1586659037,14,23.62,87.13,92.8,3.91
Altamirano,42,MX,1586658854,45,16.88,-92.15,64.18,1.88
Vaitape,8,PF,1586659038,73,-16.52,-151.75,83.46,13.13
San Marcos,75,US,1586659037,77,33.14,-117.17,62.6,5.82
Kieta,99,PG,1586659038,74,-6.22,155.63,84.07,4.45
Neiafu,40,TO,1586659038,74,-18.65,-173.98,80.6,11.41
Liverpool,88,GB,1586658852,100,53.41,-2.98,50.0,3.36
Pimentel,31,PE,1586659039,79,-6.84,-79.93,72.88,12.84
Benguela,5,AO,1586659039,82,-12.58,13.41,77.29,3.06
Alvorada,97,BR,1586659040,89,-12.48,-49.12,74.39,1.28
Ranong,84,TH,1586659040,59,9.97,98.63,91.4,2.24
Tingi,93,TZ,1586659040,66,-11.3,35.03,63.01,3.38
Ewo,100,CG,1586659040,80,-0.87,14.82,72.64,8.79
Beloha,100,MG,1586659041,73,-25.17,45.05,71.31,6.82
Sisimiut,100,GL,1586659041,81,66.94,-53.67,34.25,7.94
Port-Gentil,99,GA,1586659041,84,-0.72,8.78,79.27,13.6
Bahile,20,PH,1586659041,62,10.0,118.79,89.6,11.41
Polunochnoye,99,RU,1586659042,88,60.87,60.42,33.06,2.55
Saint-Pierre,18,RE,1586659042,73,-21.34,55.48,73.99,3.36
North Platte,75,US,1586659042,66,41.12,-100.77,50.0,17.22
Zeya,89,RU,1586659043,51,53.75,127.27,51.67,2.98
Mbanza-Ngungu,98,CD,1586659043,83,-5.25,14.87,68.67,3.04
Yamada,59,JP,1586659043,47,39.47,141.95,53.42,7.74
Kenai,90,US,1586659043,51,60.55,-151.26,42.8,11.41
